{"initial_reset_timestamp": 1587826406.45604, "timestamps": [1587826409.3004344], "episode_lengths": [78], "episode_rewards": [639.333896279335], "episode_types": ["t"]}