{"initial_reset_timestamp": 1586281722.361476, "timestamps": [1586281730.88161], "episode_lengths": [1104], "episode_rewards": [42.400927419066456], "episode_types": ["t"]}