{"initial_reset_timestamp": 1587886267.5828526, "timestamps": [1587886270.4721267], "episode_lengths": [74], "episode_rewards": [649.7681246995926], "episode_types": ["t"]}