{"initial_reset_timestamp": 1587660425.5198717, "timestamps": [1587660427.6902344], "episode_lengths": [73], "episode_rewards": [649.7681248188019], "episode_types": ["t"]}