{"initial_reset_timestamp": 1585481943.9479134, "timestamps": [1585481971.3228052], "episode_lengths": [4500], "episode_rewards": [42.23967121422291], "episode_types": ["t"]}