{"initial_reset_timestamp": 1586436792.728521, "timestamps": [1586436819.845646], "episode_lengths": [4500], "episode_rewards": [0.0], "episode_types": ["t"]}