{"initial_reset_timestamp": 1585860419.0121446, "timestamps": [1585860437.4861286], "episode_lengths": [774], "episode_rewards": [3.822723459601407], "episode_types": ["t"]}