{"initial_reset_timestamp": 1587502833.0563989, "timestamps": [1587502835.3858855], "episode_lengths": [96], "episode_rewards": [1032.9890367984772], "episode_types": ["t"]}