{"initial_reset_timestamp": 1586887029.166714, "timestamps": [1586887078.874198], "episode_lengths": [4500], "episode_rewards": [0.0], "episode_types": ["t"]}