{"initial_reset_timestamp": 1586549635.0448005, "timestamps": [1586549669.9318879], "episode_lengths": [4500], "episode_rewards": [8.015387890934925], "episode_types": ["t"]}