{"initial_reset_timestamp": 1587503137.4249418, "timestamps": [1587503140.289858], "episode_lengths": [78], "episode_rewards": [642.1795943975449], "episode_types": ["t"]}