{"initial_reset_timestamp": 1588053130.0818486, "timestamps": [1588053131.1089816], "episode_lengths": [81], "episode_rewards": [648.8195594549179], "episode_types": ["t"]}