{"initial_reset_timestamp": 1586241129.6249557, "timestamps": [1586241131.4475734], "episode_lengths": [132], "episode_rewards": [5.90008433401585], "episode_types": ["t"]}